"row","col","y","block","trt","spray","lead","logy"
1,1,1,"B1","T1","N","N",0.693147180559945
2,1,0,"B1","T1","N","N",0
3,1,1,"B1","T1","N","N",0.693147180559945
4,1,3,"B1","T1","N","N",1.38629436111989
5,1,6,"B1","T1","N","N",1.94591014905531
6,1,0,"B2","T1","N","N",0
7,1,2,"B2","T1","N","N",1.09861228866811
8,1,2,"B2","T1","N","N",1.09861228866811
9,1,1,"B2","T1","N","N",0.693147180559945
10,1,3,"B2","T1","N","N",1.38629436111989
11,1,0,"B3","T1","N","N",0
12,1,3,"B3","T1","N","N",1.38629436111989
13,1,1,"B3","T1","N","N",0.693147180559945
14,1,0,"B3","T1","N","N",0
15,1,2,"B3","T1","N","N",1.09861228866811
16,1,0,"B4","T1","N","N",0
17,1,1,"B4","T1","N","N",0.693147180559945
18,1,4,"B4","T1","N","N",1.6094379124341
19,1,3,"B4","T1","N","N",1.38629436111989
20,1,3,"B4","T1","N","N",1.38629436111989
21,1,0,"B5","T1","N","N",0
22,1,0,"B5","T1","N","N",0
23,1,1,"B5","T1","N","N",0.693147180559945
24,1,0,"B5","T1","N","N",0
25,1,1,"B5","T1","N","N",0.693147180559945
26,1,2,"B6","T1","N","N",1.09861228866811
27,1,1,"B6","T1","N","N",0.693147180559945
28,1,1,"B6","T1","N","N",0.693147180559945
29,1,1,"B6","T1","N","N",0.693147180559945
30,1,1,"B6","T1","N","N",0.693147180559945
31,1,1,"B7","T1","N","N",0.693147180559945
32,1,1,"B7","T1","N","N",0.693147180559945
33,1,7,"B7","T1","N","N",2.07944154167984
34,1,5,"B7","T1","N","N",1.79175946922805
35,1,4,"B7","T1","N","N",1.6094379124341
36,1,1,"B8","T1","N","N",0.693147180559945
37,1,0,"B8","T1","N","N",0
38,1,1,"B8","T1","N","N",0.693147180559945
39,1,0,"B8","T1","N","N",0
40,1,1,"B8","T1","N","N",0.693147180559945
41,1,4,"B9","T1","N","N",1.6094379124341
42,1,1,"B9","T1","N","N",0.693147180559945
43,1,4,"B9","T1","N","N",1.6094379124341
44,1,1,"B9","T1","N","N",0.693147180559945
45,1,2,"B9","T1","N","N",1.09861228866811
46,1,3,"B10","T1","N","N",1.38629436111989
47,1,4,"B10","T1","N","N",1.6094379124341
48,1,0,"B10","T1","N","N",0
49,1,2,"B10","T1","N","N",1.09861228866811
50,1,3,"B10","T1","N","N",1.38629436111989
51,1,1,"B11","T1","N","N",0.693147180559945
52,1,1,"B11","T1","N","N",0.693147180559945
53,1,2,"B11","T1","N","N",1.09861228866811
54,1,1,"B11","T1","N","N",0.693147180559945
55,1,0,"B11","T1","N","N",0
56,1,1,"B12","T1","N","N",0.693147180559945
57,1,2,"B12","T1","N","N",1.09861228866811
58,1,0,"B12","T1","N","N",0
59,1,1,"B12","T1","N","N",0.693147180559945
60,1,0,"B12","T1","N","N",0
61,1,0,"B13","T1","N","N",0
62,1,0,"B13","T1","N","N",0
63,1,0,"B13","T1","N","N",0
64,1,3,"B13","T1","N","N",1.38629436111989
65,1,0,"B13","T1","N","N",0
1,2,6,"B1","T1","N","N",1.94591014905531
2,2,1,"B1","T1","N","N",0.693147180559945
3,2,1,"B1","T1","N","N",0.693147180559945
4,2,2,"B1","T1","N","N",1.09861228866811
5,2,3,"B1","T1","N","N",1.38629436111989
6,2,0,"B2","T1","N","N",0
7,2,0,"B2","T1","N","N",0
8,2,4,"B2","T1","N","N",1.6094379124341
9,2,1,"B2","T1","N","N",0.693147180559945
10,2,1,"B2","T1","N","N",0.693147180559945
11,2,0,"B3","T1","N","N",0
12,2,2,"B3","T1","N","N",1.09861228866811
13,2,1,"B3","T1","N","N",0.693147180559945
14,2,5,"B3","T1","N","N",1.79175946922805
15,2,1,"B3","T1","N","N",0.693147180559945
16,2,2,"B4","T1","N","N",1.09861228866811
17,2,0,"B4","T1","N","N",0
18,2,0,"B4","T1","N","N",0
19,2,0,"B4","T1","N","N",0
20,2,2,"B4","T1","N","N",1.09861228866811
21,2,0,"B5","T1","N","N",0
22,2,1,"B5","T1","N","N",0.693147180559945
23,2,1,"B5","T1","N","N",0.693147180559945
24,2,1,"B5","T1","N","N",0.693147180559945
25,2,0,"B5","T1","N","N",0
26,2,0,"B6","T1","N","N",0
27,2,5,"B6","T1","N","N",1.79175946922805
28,2,0,"B6","T1","N","N",0
29,2,3,"B6","T1","N","N",1.38629436111989
30,2,0,"B6","T1","N","N",0
31,2,3,"B7","T1","N","N",1.38629436111989
32,2,3,"B7","T1","N","N",1.38629436111989
33,2,9,"B7","T1","N","N",2.30258509299405
34,2,3,"B7","T1","N","N",1.38629436111989
35,2,5,"B7","T1","N","N",1.79175946922805
36,2,0,"B8","T1","N","N",0
37,2,2,"B8","T1","N","N",1.09861228866811
38,2,5,"B8","T1","N","N",1.79175946922805
39,2,2,"B8","T1","N","N",1.09861228866811
40,2,3,"B8","T1","N","N",1.38629436111989
41,2,0,"B9","T1","N","N",0
42,2,2,"B9","T1","N","N",1.09861228866811
43,2,2,"B9","T1","N","N",1.09861228866811
44,2,2,"B9","T1","N","N",1.09861228866811
45,2,3,"B9","T1","N","N",1.38629436111989
46,2,0,"B10","T1","N","N",0
47,2,0,"B10","T1","N","N",0
48,2,2,"B10","T1","N","N",1.09861228866811
49,2,0,"B10","T1","N","N",0
50,2,3,"B10","T1","N","N",1.38629436111989
51,2,0,"B11","T1","N","N",0
52,2,2,"B11","T1","N","N",1.09861228866811
53,2,1,"B11","T1","N","N",0.693147180559945
54,2,1,"B11","T1","N","N",0.693147180559945
55,2,2,"B11","T1","N","N",1.09861228866811
56,2,1,"B12","T1","N","N",0.693147180559945
57,2,2,"B12","T1","N","N",1.09861228866811
58,2,0,"B12","T1","N","N",0
59,2,0,"B12","T1","N","N",0
60,2,1,"B12","T1","N","N",0.693147180559945
61,2,1,"B13","T1","N","N",0.693147180559945
62,2,3,"B13","T1","N","N",1.38629436111989
63,2,0,"B13","T1","N","N",0
64,2,1,"B13","T1","N","N",0.693147180559945
65,2,0,"B13","T1","N","N",0
1,3,1,"B1","T1","N","N",0.693147180559945
2,3,1,"B1","T1","N","N",0.693147180559945
3,3,2,"B1","T1","N","N",1.09861228866811
4,3,3,"B1","T1","N","N",1.38629436111989
5,3,0,"B1","T1","N","N",0
6,3,1,"B2","T1","N","N",0.693147180559945
7,3,4,"B2","T1","N","N",1.6094379124341
8,3,1,"B2","T1","N","N",0.693147180559945
9,3,2,"B2","T1","N","N",1.09861228866811
10,3,5,"B2","T1","N","N",1.79175946922805
11,3,1,"B3","T1","N","N",0.693147180559945
12,3,0,"B3","T1","N","N",0
13,3,0,"B3","T1","N","N",0
14,3,0,"B3","T1","N","N",0
15,3,0,"B3","T1","N","N",0
16,3,0,"B4","T1","N","N",0
17,3,2,"B4","T1","N","N",1.09861228866811
18,3,2,"B4","T1","N","N",1.09861228866811
19,3,1,"B4","T1","N","N",0.693147180559945
20,3,1,"B4","T1","N","N",0.693147180559945
21,3,0,"B5","T1","N","N",0
22,3,0,"B5","T1","N","N",0
23,3,0,"B5","T1","N","N",0
24,3,3,"B5","T1","N","N",1.38629436111989
25,3,1,"B5","T1","N","N",0.693147180559945
26,3,5,"B6","T1","N","N",1.79175946922805
27,3,2,"B6","T1","N","N",1.09861228866811
28,3,4,"B6","T1","N","N",1.6094379124341
29,3,4,"B6","T1","N","N",1.6094379124341
30,3,0,"B6","T1","N","N",0
31,3,4,"B7","T1","N","N",1.6094379124341
32,3,3,"B7","T1","N","N",1.38629436111989
33,3,2,"B7","T1","N","N",1.09861228866811
34,3,1,"B7","T1","N","N",0.693147180559945
35,3,0,"B7","T1","N","N",0
36,3,0,"B8","T1","N","N",0
37,3,1,"B8","T1","N","N",0.693147180559945
38,3,2,"B8","T1","N","N",1.09861228866811
39,3,1,"B8","T1","N","N",0.693147180559945
40,3,3,"B8","T1","N","N",1.38629436111989
41,3,2,"B9","T1","N","N",1.09861228866811
42,3,1,"B9","T1","N","N",0.693147180559945
43,3,0,"B9","T1","N","N",0
44,3,0,"B9","T1","N","N",0
45,3,4,"B9","T1","N","N",1.6094379124341
46,3,4,"B10","T1","N","N",1.6094379124341
47,3,4,"B10","T1","N","N",1.6094379124341
48,3,4,"B10","T1","N","N",1.6094379124341
49,3,0,"B10","T1","N","N",0
50,3,4,"B10","T1","N","N",1.6094379124341
51,3,3,"B11","T1","N","N",1.38629436111989
52,3,0,"B11","T1","N","N",0
53,3,0,"B11","T1","N","N",0
54,3,1,"B11","T1","N","N",0.693147180559945
55,3,4,"B11","T1","N","N",1.6094379124341
56,3,2,"B12","T1","N","N",1.09861228866811
57,3,3,"B12","T1","N","N",1.38629436111989
58,3,0,"B12","T1","N","N",0
59,3,0,"B12","T1","N","N",0
60,3,1,"B12","T1","N","N",0.693147180559945
61,3,1,"B13","T1","N","N",0.693147180559945
62,3,3,"B13","T1","N","N",1.38629436111989
63,3,1,"B13","T1","N","N",0.693147180559945
64,3,2,"B13","T1","N","N",1.09861228866811
65,3,0,"B13","T1","N","N",0
1,4,0,"B1","T1","N","N",0
2,4,2,"B1","T1","N","N",1.09861228866811
3,4,0,"B1","T1","N","N",0
4,4,3,"B1","T1","N","N",1.38629436111989
5,4,3,"B1","T1","N","N",1.38629436111989
6,4,0,"B2","T1","N","N",0
7,4,3,"B2","T1","N","N",1.38629436111989
8,4,0,"B2","T1","N","N",0
9,4,0,"B2","T1","N","N",0
10,4,0,"B2","T1","N","N",0
11,4,0,"B3","T1","N","N",0
12,4,1,"B3","T1","N","N",0.693147180559945
13,4,0,"B3","T1","N","N",0
14,4,0,"B3","T1","N","N",0
15,4,1,"B3","T1","N","N",0.693147180559945
16,4,0,"B4","T1","N","N",0
17,4,0,"B4","T1","N","N",0
18,4,0,"B4","T1","N","N",0
19,4,4,"B4","T1","N","N",1.6094379124341
20,4,2,"B4","T1","N","N",1.09861228866811
21,4,0,"B5","T1","N","N",0
22,4,1,"B5","T1","N","N",0.693147180559945
23,4,0,"B5","T1","N","N",0
24,4,0,"B5","T1","N","N",0
25,4,0,"B5","T1","N","N",0
26,4,7,"B6","T1","N","N",2.07944154167984
27,4,1,"B6","T1","N","N",0.693147180559945
28,4,0,"B6","T1","N","N",0
29,4,1,"B6","T1","N","N",0.693147180559945
30,4,2,"B6","T1","N","N",1.09861228866811
31,4,0,"B7","T1","N","N",0
32,4,3,"B7","T1","N","N",1.38629436111989
33,4,3,"B7","T1","N","N",1.38629436111989
34,4,2,"B7","T1","N","N",1.09861228866811
35,4,0,"B7","T1","N","N",0
36,4,1,"B8","T1","N","N",0.693147180559945
37,4,2,"B8","T1","N","N",1.09861228866811
38,4,1,"B8","T1","N","N",0.693147180559945
39,4,2,"B8","T1","N","N",1.09861228866811
40,4,3,"B8","T1","N","N",1.38629436111989
41,4,3,"B9","T1","N","N",1.38629436111989
42,4,1,"B9","T1","N","N",0.693147180559945
43,4,0,"B9","T1","N","N",0
44,4,0,"B9","T1","N","N",0
45,4,1,"B9","T1","N","N",0.693147180559945
46,4,2,"B10","T1","N","N",1.09861228866811
47,4,4,"B10","T1","N","N",1.6094379124341
48,4,1,"B10","T1","N","N",0.693147180559945
49,4,2,"B10","T1","N","N",1.09861228866811
50,4,2,"B10","T1","N","N",1.09861228866811
51,4,1,"B11","T1","N","N",0.693147180559945
52,4,0,"B11","T1","N","N",0
53,4,0,"B11","T1","N","N",0
54,4,0,"B11","T1","N","N",0
55,4,2,"B11","T1","N","N",1.09861228866811
56,4,1,"B12","T1","N","N",0.693147180559945
57,4,0,"B12","T1","N","N",0
58,4,1,"B12","T1","N","N",0.693147180559945
59,4,0,"B12","T1","N","N",0
60,4,0,"B12","T1","N","N",0
61,4,0,"B13","T1","N","N",0
62,4,1,"B13","T1","N","N",0.693147180559945
63,4,0,"B13","T1","N","N",0
64,4,0,"B13","T1","N","N",0
65,4,0,"B13","T1","N","N",0
1,5,2,"B1","T1","N","N",1.09861228866811
2,5,2,"B1","T1","N","N",1.09861228866811
3,5,0,"B1","T1","N","N",0
4,5,1,"B1","T1","N","N",0.693147180559945
5,5,3,"B1","T1","N","N",1.38629436111989
6,5,3,"B2","T1","N","N",1.38629436111989
7,5,0,"B2","T1","N","N",0
8,5,0,"B2","T1","N","N",0
9,5,0,"B2","T1","N","N",0
10,5,1,"B2","T1","N","N",0.693147180559945
11,5,0,"B3","T1","N","N",0
12,5,1,"B3","T1","N","N",0.693147180559945
13,5,2,"B3","T1","N","N",1.09861228866811
14,5,0,"B3","T1","N","N",0
15,5,1,"B3","T1","N","N",0.693147180559945
16,5,0,"B4","T1","N","N",0
17,5,1,"B4","T1","N","N",0.693147180559945
18,5,1,"B4","T1","N","N",0.693147180559945
19,5,2,"B4","T1","N","N",1.09861228866811
20,5,1,"B4","T1","N","N",0.693147180559945
21,5,3,"B5","T1","N","N",1.38629436111989
22,5,0,"B5","T1","N","N",0
23,5,1,"B5","T1","N","N",0.693147180559945
24,5,0,"B5","T1","N","N",0
25,5,0,"B5","T1","N","N",0
26,5,2,"B6","T1","N","N",1.09861228866811
27,5,2,"B6","T1","N","N",1.09861228866811
28,5,1,"B6","T1","N","N",0.693147180559945
29,5,4,"B6","T1","N","N",1.6094379124341
30,5,3,"B6","T1","N","N",1.38629436111989
31,5,0,"B7","T1","N","N",0
32,5,0,"B7","T1","N","N",0
33,5,1,"B7","T1","N","N",0.693147180559945
34,5,1,"B7","T1","N","N",0.693147180559945
35,5,2,"B7","T1","N","N",1.09861228866811
36,5,1,"B8","T1","N","N",0.693147180559945
37,5,0,"B8","T1","N","N",0
38,5,0,"B8","T1","N","N",0
39,5,0,"B8","T1","N","N",0
40,5,1,"B8","T1","N","N",0.693147180559945
41,5,0,"B9","T1","N","N",0
42,5,2,"B9","T1","N","N",1.09861228866811
43,5,4,"B9","T1","N","N",1.6094379124341
44,5,0,"B9","T1","N","N",0
45,5,1,"B9","T1","N","N",0.693147180559945
46,5,0,"B10","T1","N","N",0
47,5,0,"B10","T1","N","N",0
48,5,3,"B10","T1","N","N",1.38629436111989
49,5,3,"B10","T1","N","N",1.38629436111989
50,5,0,"B10","T1","N","N",0
51,5,1,"B11","T1","N","N",0.693147180559945
52,5,0,"B11","T1","N","N",0
53,5,3,"B11","T1","N","N",1.38629436111989
54,5,2,"B11","T1","N","N",1.09861228866811
55,5,0,"B11","T1","N","N",0
56,5,4,"B12","T1","N","N",1.6094379124341
57,5,1,"B12","T1","N","N",0.693147180559945
58,5,0,"B12","T1","N","N",0
59,5,0,"B12","T1","N","N",0
60,5,1,"B12","T1","N","N",0.693147180559945
61,5,0,"B13","T1","N","N",0
62,5,0,"B13","T1","N","N",0
63,5,1,"B13","T1","N","N",0.693147180559945
64,5,1,"B13","T1","N","N",0.693147180559945
65,5,0,"B13","T1","N","N",0
1,6,0,"B1","T2","Y","N",0
2,6,0,"B1","T2","Y","N",0
3,6,0,"B1","T2","Y","N",0
4,6,1,"B1","T2","Y","N",0.693147180559945
5,6,0,"B1","T2","Y","N",0
6,6,1,"B2","T2","Y","N",0.693147180559945
7,6,0,"B2","T2","Y","N",0
8,6,0,"B2","T2","Y","N",0
9,6,0,"B2","T2","Y","N",0
10,6,0,"B2","T2","Y","N",0
11,6,1,"B3","T2","Y","N",0.693147180559945
12,6,0,"B3","T2","Y","N",0
13,6,0,"B3","T2","Y","N",0
14,6,0,"B3","T2","Y","N",0
15,6,1,"B3","T2","Y","N",0.693147180559945
16,6,0,"B4","T2","Y","N",0
17,6,1,"B4","T2","Y","N",0.693147180559945
18,6,1,"B4","T2","Y","N",0.693147180559945
19,6,0,"B4","T2","Y","N",0
20,6,1,"B4","T2","Y","N",0.693147180559945
21,6,0,"B5","T2","Y","N",0
22,6,1,"B5","T2","Y","N",0.693147180559945
23,6,0,"B5","T2","Y","N",0
24,6,1,"B5","T2","Y","N",0.693147180559945
25,6,1,"B5","T2","Y","N",0.693147180559945
26,6,0,"B6","T2","Y","N",0
27,6,0,"B6","T2","Y","N",0
28,6,0,"B6","T2","Y","N",0
29,6,0,"B6","T2","Y","N",0
30,6,0,"B6","T2","Y","N",0
31,6,0,"B7","T2","Y","N",0
32,6,1,"B7","T2","Y","N",0.693147180559945
33,6,0,"B7","T2","Y","N",0
34,6,4,"B7","T2","Y","N",1.6094379124341
35,6,0,"B7","T2","Y","N",0
36,6,0,"B8","T2","Y","N",0
37,6,0,"B8","T2","Y","N",0
38,6,1,"B8","T2","Y","N",0.693147180559945
39,6,0,"B8","T2","Y","N",0
40,6,0,"B8","T2","Y","N",0
41,6,0,"B9","T2","Y","N",0
42,6,0,"B9","T2","Y","N",0
43,6,1,"B9","T2","Y","N",0.693147180559945
44,6,0,"B9","T2","Y","N",0
45,6,0,"B9","T2","Y","N",0
46,6,0,"B10","T2","Y","N",0
47,6,0,"B10","T2","Y","N",0
48,6,1,"B10","T2","Y","N",0.693147180559945
49,6,0,"B10","T2","Y","N",0
50,6,0,"B10","T2","Y","N",0
51,6,0,"B11","T2","Y","N",0
52,6,0,"B11","T2","Y","N",0
53,6,0,"B11","T2","Y","N",0
54,6,0,"B11","T2","Y","N",0
55,6,0,"B11","T2","Y","N",0
56,6,1,"B12","T2","Y","N",0.693147180559945
57,6,0,"B12","T2","Y","N",0
58,6,0,"B12","T2","Y","N",0
59,6,0,"B12","T2","Y","N",0
60,6,1,"B12","T2","Y","N",0.693147180559945
61,6,1,"B13","T2","Y","N",0.693147180559945
62,6,0,"B13","T2","Y","N",0
63,6,0,"B13","T2","Y","N",0
64,6,1,"B13","T2","Y","N",0.693147180559945
65,6,1,"B13","T2","Y","N",0.693147180559945
1,7,0,"B1","T2","Y","N",0
2,7,0,"B1","T2","Y","N",0
3,7,0,"B1","T2","Y","N",0
4,7,0,"B1","T2","Y","N",0
5,7,0,"B1","T2","Y","N",0
6,7,0,"B2","T2","Y","N",0
7,7,2,"B2","T2","Y","N",1.09861228866811
8,7,1,"B2","T2","Y","N",0.693147180559945
9,7,1,"B2","T2","Y","N",0.693147180559945
10,7,1,"B2","T2","Y","N",0.693147180559945
11,7,0,"B3","T2","Y","N",0
12,7,0,"B3","T2","Y","N",0
13,7,0,"B3","T2","Y","N",0
14,7,0,"B3","T2","Y","N",0
15,7,1,"B3","T2","Y","N",0.693147180559945
16,7,2,"B4","T2","Y","N",1.09861228866811
17,7,0,"B4","T2","Y","N",0
18,7,0,"B4","T2","Y","N",0
19,7,2,"B4","T2","Y","N",1.09861228866811
20,7,0,"B4","T2","Y","N",0
21,7,1,"B5","T2","Y","N",0.693147180559945
22,7,0,"B5","T2","Y","N",0
23,7,1,"B5","T2","Y","N",0.693147180559945
24,7,2,"B5","T2","Y","N",1.09861228866811
25,7,0,"B5","T2","Y","N",0
26,7,1,"B6","T2","Y","N",0.693147180559945
27,7,1,"B6","T2","Y","N",0.693147180559945
28,7,0,"B6","T2","Y","N",0
29,7,0,"B6","T2","Y","N",0
30,7,0,"B6","T2","Y","N",0
31,7,0,"B7","T2","Y","N",0
32,7,2,"B7","T2","Y","N",1.09861228866811
33,7,0,"B7","T2","Y","N",0
34,7,0,"B7","T2","Y","N",0
35,7,2,"B7","T2","Y","N",1.09861228866811
36,7,0,"B8","T2","Y","N",0
37,7,0,"B8","T2","Y","N",0
38,7,1,"B8","T2","Y","N",0.693147180559945
39,7,1,"B8","T2","Y","N",0.693147180559945
40,7,1,"B8","T2","Y","N",0.693147180559945
41,7,0,"B9","T2","Y","N",0
42,7,0,"B9","T2","Y","N",0
43,7,0,"B9","T2","Y","N",0
44,7,0,"B9","T2","Y","N",0
45,7,1,"B9","T2","Y","N",0.693147180559945
46,7,0,"B10","T2","Y","N",0
47,7,2,"B10","T2","Y","N",1.09861228866811
48,7,0,"B10","T2","Y","N",0
49,7,1,"B10","T2","Y","N",0.693147180559945
50,7,1,"B10","T2","Y","N",0.693147180559945
51,7,0,"B11","T2","Y","N",0
52,7,0,"B11","T2","Y","N",0
53,7,3,"B11","T2","Y","N",1.38629436111989
54,7,1,"B11","T2","Y","N",0.693147180559945
55,7,1,"B11","T2","Y","N",0.693147180559945
56,7,1,"B12","T2","Y","N",0.693147180559945
57,7,0,"B12","T2","Y","N",0
58,7,0,"B12","T2","Y","N",0
59,7,0,"B12","T2","Y","N",0
60,7,2,"B12","T2","Y","N",1.09861228866811
61,7,0,"B13","T2","Y","N",0
62,7,0,"B13","T2","Y","N",0
63,7,0,"B13","T2","Y","N",0
64,7,0,"B13","T2","Y","N",0
65,7,0,"B13","T2","Y","N",0
1,8,0,"B1","T2","Y","N",0
2,8,0,"B1","T2","Y","N",0
3,8,0,"B1","T2","Y","N",0
4,8,0,"B1","T2","Y","N",0
5,8,0,"B1","T2","Y","N",0
6,8,0,"B2","T2","Y","N",0
7,8,0,"B2","T2","Y","N",0
8,8,2,"B2","T2","Y","N",1.09861228866811
9,8,0,"B2","T2","Y","N",0
10,8,0,"B2","T2","Y","N",0
11,8,0,"B3","T2","Y","N",0
12,8,0,"B3","T2","Y","N",0
13,8,1,"B3","T2","Y","N",0.693147180559945
14,8,0,"B3","T2","Y","N",0
15,8,0,"B3","T2","Y","N",0
16,8,0,"B4","T2","Y","N",0
17,8,0,"B4","T2","Y","N",0
18,8,0,"B4","T2","Y","N",0
19,8,2,"B4","T2","Y","N",1.09861228866811
20,8,0,"B4","T2","Y","N",0
21,8,1,"B5","T2","Y","N",0.693147180559945
22,8,0,"B5","T2","Y","N",0
23,8,1,"B5","T2","Y","N",0.693147180559945
24,8,0,"B5","T2","Y","N",0
25,8,0,"B5","T2","Y","N",0
26,8,1,"B6","T2","Y","N",0.693147180559945
27,8,0,"B6","T2","Y","N",0
28,8,0,"B6","T2","Y","N",0
29,8,3,"B6","T2","Y","N",1.38629436111989
30,8,0,"B6","T2","Y","N",0
31,8,0,"B7","T2","Y","N",0
32,8,1,"B7","T2","Y","N",0.693147180559945
33,8,0,"B7","T2","Y","N",0
34,8,1,"B7","T2","Y","N",0.693147180559945
35,8,0,"B7","T2","Y","N",0
36,8,0,"B8","T2","Y","N",0
37,8,1,"B8","T2","Y","N",0.693147180559945
38,8,2,"B8","T2","Y","N",1.09861228866811
39,8,1,"B8","T2","Y","N",0.693147180559945
40,8,0,"B8","T2","Y","N",0
41,8,1,"B9","T2","Y","N",0.693147180559945
42,8,0,"B9","T2","Y","N",0
43,8,0,"B9","T2","Y","N",0
44,8,0,"B9","T2","Y","N",0
45,8,0,"B9","T2","Y","N",0
46,8,0,"B10","T2","Y","N",0
47,8,2,"B10","T2","Y","N",1.09861228866811
48,8,4,"B10","T2","Y","N",1.6094379124341
49,8,2,"B10","T2","Y","N",1.09861228866811
50,8,0,"B10","T2","Y","N",0
51,8,0,"B11","T2","Y","N",0
52,8,0,"B11","T2","Y","N",0
53,8,0,"B11","T2","Y","N",0
54,8,0,"B11","T2","Y","N",0
55,8,0,"B11","T2","Y","N",0
56,8,0,"B12","T2","Y","N",0
57,8,2,"B12","T2","Y","N",1.09861228866811
58,8,1,"B12","T2","Y","N",0.693147180559945
59,8,0,"B12","T2","Y","N",0
60,8,2,"B12","T2","Y","N",1.09861228866811
61,8,0,"B13","T2","Y","N",0
62,8,0,"B13","T2","Y","N",0
63,8,0,"B13","T2","Y","N",0
64,8,0,"B13","T2","Y","N",0
65,8,0,"B13","T2","Y","N",0
1,9,0,"B1","T2","Y","N",0
2,9,1,"B1","T2","Y","N",0.693147180559945
3,9,1,"B1","T2","Y","N",0.693147180559945
4,9,0,"B1","T2","Y","N",0
5,9,0,"B1","T2","Y","N",0
6,9,0,"B2","T2","Y","N",0
7,9,2,"B2","T2","Y","N",1.09861228866811
8,9,0,"B2","T2","Y","N",0
9,9,1,"B2","T2","Y","N",0.693147180559945
10,9,1,"B2","T2","Y","N",0.693147180559945
11,9,1,"B3","T2","Y","N",0.693147180559945
12,9,0,"B3","T2","Y","N",0
13,9,2,"B3","T2","Y","N",1.09861228866811
14,9,1,"B3","T2","Y","N",0.693147180559945
15,9,1,"B3","T2","Y","N",0.693147180559945
16,9,2,"B4","T2","Y","N",1.09861228866811
17,9,0,"B4","T2","Y","N",0
18,9,1,"B4","T2","Y","N",0.693147180559945
19,9,0,"B4","T2","Y","N",0
20,9,0,"B4","T2","Y","N",0
21,9,0,"B5","T2","Y","N",0
22,9,1,"B5","T2","Y","N",0.693147180559945
23,9,0,"B5","T2","Y","N",0
24,9,0,"B5","T2","Y","N",0
25,9,0,"B5","T2","Y","N",0
26,9,0,"B6","T2","Y","N",0
27,9,3,"B6","T2","Y","N",1.38629436111989
28,9,0,"B6","T2","Y","N",0
29,9,1,"B6","T2","Y","N",0.693147180559945
30,9,0,"B6","T2","Y","N",0
31,9,0,"B7","T2","Y","N",0
32,9,1,"B7","T2","Y","N",0.693147180559945
33,9,0,"B7","T2","Y","N",0
34,9,2,"B7","T2","Y","N",1.09861228866811
35,9,0,"B7","T2","Y","N",0
36,9,1,"B8","T2","Y","N",0.693147180559945
37,9,0,"B8","T2","Y","N",0
38,9,1,"B8","T2","Y","N",0.693147180559945
39,9,0,"B8","T2","Y","N",0
40,9,0,"B8","T2","Y","N",0
41,9,0,"B9","T2","Y","N",0
42,9,0,"B9","T2","Y","N",0
43,9,0,"B9","T2","Y","N",0
44,9,1,"B9","T2","Y","N",0.693147180559945
45,9,0,"B9","T2","Y","N",0
46,9,1,"B10","T2","Y","N",0.693147180559945
47,9,0,"B10","T2","Y","N",0
48,9,0,"B10","T2","Y","N",0
49,9,0,"B10","T2","Y","N",0
50,9,1,"B10","T2","Y","N",0.693147180559945
51,9,2,"B11","T2","Y","N",1.09861228866811
52,9,2,"B11","T2","Y","N",1.09861228866811
53,9,0,"B11","T2","Y","N",0
54,9,0,"B11","T2","Y","N",0
55,9,0,"B11","T2","Y","N",0
56,9,2,"B12","T2","Y","N",1.09861228866811
57,9,1,"B12","T2","Y","N",0.693147180559945
58,9,1,"B12","T2","Y","N",0.693147180559945
59,9,2,"B12","T2","Y","N",1.09861228866811
60,9,0,"B12","T2","Y","N",0
61,9,0,"B13","T2","Y","N",0
62,9,1,"B13","T2","Y","N",0.693147180559945
63,9,0,"B13","T2","Y","N",0
64,9,0,"B13","T2","Y","N",0
65,9,0,"B13","T2","Y","N",0
1,10,0,"B1","T2","Y","N",0
2,10,2,"B1","T2","Y","N",1.09861228866811
3,10,2,"B1","T2","Y","N",1.09861228866811
4,10,2,"B1","T2","Y","N",1.09861228866811
5,10,0,"B1","T2","Y","N",0
6,10,1,"B2","T2","Y","N",0.693147180559945
7,10,0,"B2","T2","Y","N",0
8,10,0,"B2","T2","Y","N",0
9,10,2,"B2","T2","Y","N",1.09861228866811
10,10,0,"B2","T2","Y","N",0
11,10,2,"B3","T2","Y","N",1.09861228866811
12,10,0,"B3","T2","Y","N",0
13,10,1,"B3","T2","Y","N",0.693147180559945
14,10,1,"B3","T2","Y","N",0.693147180559945
15,10,0,"B3","T2","Y","N",0
16,10,0,"B4","T2","Y","N",0
17,10,0,"B4","T2","Y","N",0
18,10,0,"B4","T2","Y","N",0
19,10,0,"B4","T2","Y","N",0
20,10,1,"B4","T2","Y","N",0.693147180559945
21,10,0,"B5","T2","Y","N",0
22,10,0,"B5","T2","Y","N",0
23,10,0,"B5","T2","Y","N",0
24,10,0,"B5","T2","Y","N",0
25,10,0,"B5","T2","Y","N",0
26,10,0,"B6","T2","Y","N",0
27,10,0,"B6","T2","Y","N",0
28,10,0,"B6","T2","Y","N",0
29,10,0,"B6","T2","Y","N",0
30,10,2,"B6","T2","Y","N",1.09861228866811
31,10,1,"B7","T2","Y","N",0.693147180559945
32,10,1,"B7","T2","Y","N",0.693147180559945
33,10,3,"B7","T2","Y","N",1.38629436111989
34,10,0,"B7","T2","Y","N",0
35,10,1,"B7","T2","Y","N",0.693147180559945
36,10,1,"B8","T2","Y","N",0.693147180559945
37,10,1,"B8","T2","Y","N",0.693147180559945
38,10,0,"B8","T2","Y","N",0
39,10,0,"B8","T2","Y","N",0
40,10,0,"B8","T2","Y","N",0
41,10,1,"B9","T2","Y","N",0.693147180559945
42,10,0,"B9","T2","Y","N",0
43,10,0,"B9","T2","Y","N",0
44,10,0,"B9","T2","Y","N",0
45,10,0,"B9","T2","Y","N",0
46,10,1,"B10","T2","Y","N",0.693147180559945
47,10,1,"B10","T2","Y","N",0.693147180559945
48,10,1,"B10","T2","Y","N",0.693147180559945
49,10,0,"B10","T2","Y","N",0
50,10,0,"B10","T2","Y","N",0
51,10,0,"B11","T2","Y","N",0
52,10,0,"B11","T2","Y","N",0
53,10,2,"B11","T2","Y","N",1.09861228866811
54,10,0,"B11","T2","Y","N",0
55,10,1,"B11","T2","Y","N",0.693147180559945
56,10,0,"B12","T2","Y","N",0
57,10,0,"B12","T2","Y","N",0
58,10,0,"B12","T2","Y","N",0
59,10,0,"B12","T2","Y","N",0
60,10,1,"B12","T2","Y","N",0.693147180559945
61,10,0,"B13","T2","Y","N",0
62,10,1,"B13","T2","Y","N",0.693147180559945
63,10,1,"B13","T2","Y","N",0.693147180559945
64,10,1,"B13","T2","Y","N",0.693147180559945
65,10,1,"B13","T2","Y","N",0.693147180559945
1,11,1,"B1","T3","N","Y",0.693147180559945
2,11,3,"B1","T3","N","Y",1.38629436111989
3,11,0,"B1","T3","N","Y",0
4,11,1,"B1","T3","N","Y",0.693147180559945
5,11,1,"B1","T3","N","Y",0.693147180559945
6,11,0,"B2","T3","N","Y",0
7,11,0,"B2","T3","N","Y",0
8,11,1,"B2","T3","N","Y",0.693147180559945
9,11,0,"B2","T3","N","Y",0
10,11,0,"B2","T3","N","Y",0
11,11,0,"B3","T3","N","Y",0
12,11,1,"B3","T3","N","Y",0.693147180559945
13,11,4,"B3","T3","N","Y",1.6094379124341
14,11,1,"B3","T3","N","Y",0.693147180559945
15,11,0,"B3","T3","N","Y",0
16,11,4,"B4","T3","N","Y",1.6094379124341
17,11,1,"B4","T3","N","Y",0.693147180559945
18,11,0,"B4","T3","N","Y",0
19,11,1,"B4","T3","N","Y",0.693147180559945
20,11,0,"B4","T3","N","Y",0
21,11,3,"B5","T3","N","Y",1.38629436111989
22,11,1,"B5","T3","N","Y",0.693147180559945
23,11,0,"B5","T3","N","Y",0
24,11,0,"B5","T3","N","Y",0
25,11,0,"B5","T3","N","Y",0
26,11,1,"B6","T3","N","Y",0.693147180559945
27,11,1,"B6","T3","N","Y",0.693147180559945
28,11,2,"B6","T3","N","Y",1.09861228866811
29,11,2,"B6","T3","N","Y",1.09861228866811
30,11,0,"B6","T3","N","Y",0
31,11,1,"B7","T3","N","Y",0.693147180559945
32,11,1,"B7","T3","N","Y",0.693147180559945
33,11,3,"B7","T3","N","Y",1.38629436111989
34,11,1,"B7","T3","N","Y",0.693147180559945
35,11,0,"B7","T3","N","Y",0
36,11,0,"B8","T3","N","Y",0
37,11,1,"B8","T3","N","Y",0.693147180559945
38,11,2,"B8","T3","N","Y",1.09861228866811
39,11,1,"B8","T3","N","Y",0.693147180559945
40,11,1,"B8","T3","N","Y",0.693147180559945
41,11,0,"B9","T3","N","Y",0
42,11,0,"B9","T3","N","Y",0
43,11,1,"B9","T3","N","Y",0.693147180559945
44,11,0,"B9","T3","N","Y",0
45,11,0,"B9","T3","N","Y",0
46,11,2,"B10","T3","N","Y",1.09861228866811
47,11,1,"B10","T3","N","Y",0.693147180559945
48,11,0,"B10","T3","N","Y",0
49,11,1,"B10","T3","N","Y",0.693147180559945
50,11,3,"B10","T3","N","Y",1.38629436111989
51,11,0,"B11","T3","N","Y",0
52,11,1,"B11","T3","N","Y",0.693147180559945
53,11,3,"B11","T3","N","Y",1.38629436111989
54,11,1,"B11","T3","N","Y",0.693147180559945
55,11,1,"B11","T3","N","Y",0.693147180559945
56,11,0,"B12","T3","N","Y",0
57,11,1,"B12","T3","N","Y",0.693147180559945
58,11,0,"B12","T3","N","Y",0
59,11,1,"B12","T3","N","Y",0.693147180559945
60,11,2,"B12","T3","N","Y",1.09861228866811
61,11,0,"B13","T3","N","Y",0
62,11,1,"B13","T3","N","Y",0.693147180559945
63,11,0,"B13","T3","N","Y",0
64,11,1,"B13","T3","N","Y",0.693147180559945
65,11,0,"B13","T3","N","Y",0
1,12,1,"B1","T3","N","Y",0.693147180559945
2,12,2,"B1","T3","N","Y",1.09861228866811
3,12,1,"B1","T3","N","Y",0.693147180559945
4,12,0,"B1","T3","N","Y",0
5,12,2,"B1","T3","N","Y",1.09861228866811
6,12,2,"B2","T3","N","Y",1.09861228866811
7,12,1,"B2","T3","N","Y",0.693147180559945
8,12,0,"B2","T3","N","Y",0
9,12,0,"B2","T3","N","Y",0
10,12,0,"B2","T3","N","Y",0
11,12,0,"B3","T3","N","Y",0
12,12,0,"B3","T3","N","Y",0
13,12,2,"B3","T3","N","Y",1.09861228866811
14,12,2,"B3","T3","N","Y",1.09861228866811
15,12,0,"B3","T3","N","Y",0
16,12,0,"B4","T3","N","Y",0
17,12,0,"B4","T3","N","Y",0
18,12,0,"B4","T3","N","Y",0
19,12,0,"B4","T3","N","Y",0
20,12,0,"B4","T3","N","Y",0
21,12,0,"B5","T3","N","Y",0
22,12,0,"B5","T3","N","Y",0
23,12,0,"B5","T3","N","Y",0
24,12,1,"B5","T3","N","Y",0.693147180559945
25,12,1,"B5","T3","N","Y",0.693147180559945
26,12,1,"B6","T3","N","Y",0.693147180559945
27,12,0,"B6","T3","N","Y",0
28,12,1,"B6","T3","N","Y",0.693147180559945
29,12,0,"B6","T3","N","Y",0
30,12,0,"B6","T3","N","Y",0
31,12,2,"B7","T3","N","Y",1.09861228866811
32,12,1,"B7","T3","N","Y",0.693147180559945
33,12,3,"B7","T3","N","Y",1.38629436111989
34,12,2,"B7","T3","N","Y",1.09861228866811
35,12,0,"B7","T3","N","Y",0
36,12,3,"B8","T3","N","Y",1.38629436111989
37,12,1,"B8","T3","N","Y",0.693147180559945
38,12,2,"B8","T3","N","Y",1.09861228866811
39,12,2,"B8","T3","N","Y",1.09861228866811
40,12,1,"B8","T3","N","Y",0.693147180559945
41,12,2,"B9","T3","N","Y",1.09861228866811
42,12,1,"B9","T3","N","Y",0.693147180559945
43,12,0,"B9","T3","N","Y",0
44,12,0,"B9","T3","N","Y",0
45,12,1,"B9","T3","N","Y",0.693147180559945
46,12,2,"B10","T3","N","Y",1.09861228866811
47,12,0,"B10","T3","N","Y",0
48,12,2,"B10","T3","N","Y",1.09861228866811
49,12,2,"B10","T3","N","Y",1.09861228866811
50,12,1,"B10","T3","N","Y",0.693147180559945
51,12,0,"B11","T3","N","Y",0
52,12,0,"B11","T3","N","Y",0
53,12,3,"B11","T3","N","Y",1.38629436111989
54,12,0,"B11","T3","N","Y",0
55,12,1,"B11","T3","N","Y",0.693147180559945
56,12,0,"B12","T3","N","Y",0
57,12,2,"B12","T3","N","Y",1.09861228866811
58,12,0,"B12","T3","N","Y",0
59,12,0,"B12","T3","N","Y",0
60,12,1,"B12","T3","N","Y",0.693147180559945
61,12,0,"B13","T3","N","Y",0
62,12,1,"B13","T3","N","Y",0.693147180559945
63,12,1,"B13","T3","N","Y",0.693147180559945
64,12,0,"B13","T3","N","Y",0
65,12,2,"B13","T3","N","Y",1.09861228866811
1,13,2,"B1","T3","N","Y",1.09861228866811
2,13,3,"B1","T3","N","Y",1.38629436111989
3,13,3,"B1","T3","N","Y",1.38629436111989
4,13,0,"B1","T3","N","Y",0
5,13,0,"B1","T3","N","Y",0
6,13,0,"B2","T3","N","Y",0
7,13,1,"B2","T3","N","Y",0.693147180559945
8,13,0,"B2","T3","N","Y",0
9,13,2,"B2","T3","N","Y",1.09861228866811
10,13,1,"B2","T3","N","Y",0.693147180559945
11,13,0,"B3","T3","N","Y",0
12,13,0,"B3","T3","N","Y",0
13,13,1,"B3","T3","N","Y",0.693147180559945
14,13,0,"B3","T3","N","Y",0
15,13,0,"B3","T3","N","Y",0
16,13,0,"B4","T3","N","Y",0
17,13,0,"B4","T3","N","Y",0
18,13,0,"B4","T3","N","Y",0
19,13,0,"B4","T3","N","Y",0
20,13,0,"B4","T3","N","Y",0
21,13,3,"B5","T3","N","Y",1.38629436111989
22,13,0,"B5","T3","N","Y",0
23,13,0,"B5","T3","N","Y",0
24,13,2,"B5","T3","N","Y",1.09861228866811
25,13,0,"B5","T3","N","Y",0
26,13,0,"B6","T3","N","Y",0
27,13,2,"B6","T3","N","Y",1.09861228866811
28,13,0,"B6","T3","N","Y",0
29,13,0,"B6","T3","N","Y",0
30,13,0,"B6","T3","N","Y",0
31,13,2,"B7","T3","N","Y",1.09861228866811
32,13,5,"B7","T3","N","Y",1.79175946922805
33,13,1,"B7","T3","N","Y",0.693147180559945
34,13,0,"B7","T3","N","Y",0
35,13,0,"B7","T3","N","Y",0
36,13,1,"B8","T3","N","Y",0.693147180559945
37,13,0,"B8","T3","N","Y",0
38,13,0,"B8","T3","N","Y",0
39,13,0,"B8","T3","N","Y",0
40,13,1,"B8","T3","N","Y",0.693147180559945
41,13,1,"B9","T3","N","Y",0.693147180559945
42,13,1,"B9","T3","N","Y",0.693147180559945
43,13,0,"B9","T3","N","Y",0
44,13,1,"B9","T3","N","Y",0.693147180559945
45,13,1,"B9","T3","N","Y",0.693147180559945
46,13,1,"B10","T3","N","Y",0.693147180559945
47,13,2,"B10","T3","N","Y",1.09861228866811
48,13,0,"B10","T3","N","Y",0
49,13,1,"B10","T3","N","Y",0.693147180559945
50,13,1,"B10","T3","N","Y",0.693147180559945
51,13,0,"B11","T3","N","Y",0
52,13,1,"B11","T3","N","Y",0.693147180559945
53,13,0,"B11","T3","N","Y",0
54,13,0,"B11","T3","N","Y",0
55,13,0,"B11","T3","N","Y",0
56,13,0,"B12","T3","N","Y",0
57,13,2,"B12","T3","N","Y",1.09861228866811
58,13,1,"B12","T3","N","Y",0.693147180559945
59,13,0,"B12","T3","N","Y",0
60,13,0,"B12","T3","N","Y",0
61,13,0,"B13","T3","N","Y",0
62,13,0,"B13","T3","N","Y",0
63,13,0,"B13","T3","N","Y",0
64,13,0,"B13","T3","N","Y",0
65,13,0,"B13","T3","N","Y",0
1,14,3,"B1","T3","N","Y",1.38629436111989
2,14,1,"B1","T3","N","Y",0.693147180559945
3,14,4,"B1","T3","N","Y",1.6094379124341
4,14,3,"B1","T3","N","Y",1.38629436111989
5,14,3,"B1","T3","N","Y",1.38629436111989
6,14,0,"B2","T3","N","Y",0
7,14,1,"B2","T3","N","Y",0.693147180559945
8,14,1,"B2","T3","N","Y",0.693147180559945
9,14,0,"B2","T3","N","Y",0
10,14,0,"B2","T3","N","Y",0
11,14,0,"B3","T3","N","Y",0
12,14,1,"B3","T3","N","Y",0.693147180559945
13,14,1,"B3","T3","N","Y",0.693147180559945
14,14,3,"B3","T3","N","Y",1.38629436111989
15,14,1,"B3","T3","N","Y",0.693147180559945
16,14,0,"B4","T3","N","Y",0
17,14,0,"B4","T3","N","Y",0
18,14,2,"B4","T3","N","Y",1.09861228866811
19,14,0,"B4","T3","N","Y",0
20,14,2,"B4","T3","N","Y",1.09861228866811
21,14,1,"B5","T3","N","Y",0.693147180559945
22,14,2,"B5","T3","N","Y",1.09861228866811
23,14,0,"B5","T3","N","Y",0
24,14,0,"B5","T3","N","Y",0
25,14,0,"B5","T3","N","Y",0
26,14,1,"B6","T3","N","Y",0.693147180559945
27,14,3,"B6","T3","N","Y",1.38629436111989
28,14,2,"B6","T3","N","Y",1.09861228866811
29,14,4,"B6","T3","N","Y",1.6094379124341
30,14,0,"B6","T3","N","Y",0
31,14,3,"B7","T3","N","Y",1.38629436111989
32,14,0,"B7","T3","N","Y",0
33,14,5,"B7","T3","N","Y",1.79175946922805
34,14,1,"B7","T3","N","Y",0.693147180559945
35,14,3,"B7","T3","N","Y",1.38629436111989
36,14,2,"B8","T3","N","Y",1.09861228866811
37,14,2,"B8","T3","N","Y",1.09861228866811
38,14,1,"B8","T3","N","Y",0.693147180559945
39,14,1,"B8","T3","N","Y",0.693147180559945
40,14,0,"B8","T3","N","Y",0
41,14,0,"B9","T3","N","Y",0
42,14,0,"B9","T3","N","Y",0
43,14,2,"B9","T3","N","Y",1.09861228866811
44,14,3,"B9","T3","N","Y",1.38629436111989
45,14,0,"B9","T3","N","Y",0
46,14,0,"B10","T3","N","Y",0
47,14,1,"B10","T3","N","Y",0.693147180559945
48,14,0,"B10","T3","N","Y",0
49,14,0,"B10","T3","N","Y",0
50,14,3,"B10","T3","N","Y",1.38629436111989
51,14,1,"B11","T3","N","Y",0.693147180559945
52,14,1,"B11","T3","N","Y",0.693147180559945
53,14,2,"B11","T3","N","Y",1.09861228866811
54,14,0,"B11","T3","N","Y",0
55,14,0,"B11","T3","N","Y",0
56,14,0,"B12","T3","N","Y",0
57,14,0,"B12","T3","N","Y",0
58,14,1,"B12","T3","N","Y",0.693147180559945
59,14,2,"B12","T3","N","Y",1.09861228866811
60,14,1,"B12","T3","N","Y",0.693147180559945
61,14,0,"B13","T3","N","Y",0
62,14,0,"B13","T3","N","Y",0
63,14,1,"B13","T3","N","Y",0.693147180559945
64,14,0,"B13","T3","N","Y",0
65,14,0,"B13","T3","N","Y",0
1,15,1,"B1","T3","N","Y",0.693147180559945
2,15,0,"B1","T3","N","Y",0
3,15,0,"B1","T3","N","Y",0
4,15,1,"B1","T3","N","Y",0.693147180559945
5,15,2,"B1","T3","N","Y",1.09861228866811
6,15,0,"B2","T3","N","Y",0
7,15,0,"B2","T3","N","Y",0
8,15,0,"B2","T3","N","Y",0
9,15,0,"B2","T3","N","Y",0
10,15,0,"B2","T3","N","Y",0
11,15,2,"B3","T3","N","Y",1.09861228866811
12,15,0,"B3","T3","N","Y",0
13,15,0,"B3","T3","N","Y",0
14,15,1,"B3","T3","N","Y",0.693147180559945
15,15,0,"B3","T3","N","Y",0
16,15,0,"B4","T3","N","Y",0
17,15,2,"B4","T3","N","Y",1.09861228866811
18,15,0,"B4","T3","N","Y",0
19,15,0,"B4","T3","N","Y",0
20,15,1,"B4","T3","N","Y",0.693147180559945
21,15,0,"B5","T3","N","Y",0
22,15,1,"B5","T3","N","Y",0.693147180559945
23,15,0,"B5","T3","N","Y",0
24,15,0,"B5","T3","N","Y",0
25,15,0,"B5","T3","N","Y",0
26,15,0,"B6","T3","N","Y",0
27,15,0,"B6","T3","N","Y",0
28,15,0,"B6","T3","N","Y",0
29,15,4,"B6","T3","N","Y",1.6094379124341
30,15,3,"B6","T3","N","Y",1.38629436111989
31,15,1,"B7","T3","N","Y",0.693147180559945
32,15,2,"B7","T3","N","Y",1.09861228866811
33,15,0,"B7","T3","N","Y",0
34,15,2,"B7","T3","N","Y",1.09861228866811
35,15,2,"B7","T3","N","Y",1.09861228866811
36,15,1,"B8","T3","N","Y",0.693147180559945
37,15,3,"B8","T3","N","Y",1.38629436111989
38,15,0,"B8","T3","N","Y",0
39,15,2,"B8","T3","N","Y",1.09861228866811
40,15,1,"B8","T3","N","Y",0.693147180559945
41,15,0,"B9","T3","N","Y",0
42,15,0,"B9","T3","N","Y",0
43,15,0,"B9","T3","N","Y",0
44,15,0,"B9","T3","N","Y",0
45,15,0,"B9","T3","N","Y",0
46,15,0,"B10","T3","N","Y",0
47,15,0,"B10","T3","N","Y",0
48,15,0,"B10","T3","N","Y",0
49,15,1,"B10","T3","N","Y",0.693147180559945
50,15,3,"B10","T3","N","Y",1.38629436111989
51,15,2,"B11","T3","N","Y",1.09861228866811
52,15,1,"B11","T3","N","Y",0.693147180559945
53,15,0,"B11","T3","N","Y",0
54,15,0,"B11","T3","N","Y",0
55,15,2,"B11","T3","N","Y",1.09861228866811
56,15,0,"B12","T3","N","Y",0
57,15,0,"B12","T3","N","Y",0
58,15,0,"B12","T3","N","Y",0
59,15,0,"B12","T3","N","Y",0
60,15,0,"B12","T3","N","Y",0
61,15,0,"B13","T3","N","Y",0
62,15,1,"B13","T3","N","Y",0.693147180559945
63,15,1,"B13","T3","N","Y",0.693147180559945
64,15,0,"B13","T3","N","Y",0
65,15,0,"B13","T3","N","Y",0
1,16,0,"B1","T4","Y","Y",0
2,16,1,"B1","T4","Y","Y",0.693147180559945
3,16,0,"B1","T4","Y","Y",0
4,16,0,"B1","T4","Y","Y",0
5,16,2,"B1","T4","Y","Y",1.09861228866811
6,16,0,"B2","T4","Y","Y",0
7,16,0,"B2","T4","Y","Y",0
8,16,1,"B2","T4","Y","Y",0.693147180559945
9,16,1,"B2","T4","Y","Y",0.693147180559945
10,16,0,"B2","T4","Y","Y",0
11,16,1,"B3","T4","Y","Y",0.693147180559945
12,16,2,"B3","T4","Y","Y",1.09861228866811
13,16,1,"B3","T4","Y","Y",0.693147180559945
14,16,0,"B3","T4","Y","Y",0
15,16,0,"B3","T4","Y","Y",0
16,16,1,"B4","T4","Y","Y",0.693147180559945
17,16,1,"B4","T4","Y","Y",0.693147180559945
18,16,0,"B4","T4","Y","Y",0
19,16,0,"B4","T4","Y","Y",0
20,16,0,"B4","T4","Y","Y",0
21,16,1,"B5","T4","Y","Y",0.693147180559945
22,16,0,"B5","T4","Y","Y",0
23,16,0,"B5","T4","Y","Y",0
24,16,0,"B5","T4","Y","Y",0
25,16,0,"B5","T4","Y","Y",0
26,16,0,"B6","T4","Y","Y",0
27,16,1,"B6","T4","Y","Y",0.693147180559945
28,16,0,"B6","T4","Y","Y",0
29,16,2,"B6","T4","Y","Y",1.09861228866811
30,16,0,"B6","T4","Y","Y",0
31,16,0,"B7","T4","Y","Y",0
32,16,0,"B7","T4","Y","Y",0
33,16,0,"B7","T4","Y","Y",0
34,16,1,"B7","T4","Y","Y",0.693147180559945
35,16,0,"B7","T4","Y","Y",0
36,16,4,"B8","T4","Y","Y",1.6094379124341
37,16,0,"B8","T4","Y","Y",0
38,16,0,"B8","T4","Y","Y",0
39,16,2,"B8","T4","Y","Y",1.09861228866811
40,16,1,"B8","T4","Y","Y",0.693147180559945
41,16,0,"B9","T4","Y","Y",0
42,16,1,"B9","T4","Y","Y",0.693147180559945
43,16,0,"B9","T4","Y","Y",0
44,16,0,"B9","T4","Y","Y",0
45,16,0,"B9","T4","Y","Y",0
46,16,0,"B10","T4","Y","Y",0
47,16,0,"B10","T4","Y","Y",0
48,16,1,"B10","T4","Y","Y",0.693147180559945
49,16,0,"B10","T4","Y","Y",0
50,16,0,"B10","T4","Y","Y",0
51,16,0,"B11","T4","Y","Y",0
52,16,0,"B11","T4","Y","Y",0
53,16,2,"B11","T4","Y","Y",1.09861228866811
54,16,0,"B11","T4","Y","Y",0
55,16,0,"B11","T4","Y","Y",0
56,16,0,"B12","T4","Y","Y",0
57,16,1,"B12","T4","Y","Y",0.693147180559945
58,16,0,"B12","T4","Y","Y",0
59,16,0,"B12","T4","Y","Y",0
60,16,0,"B12","T4","Y","Y",0
61,16,0,"B13","T4","Y","Y",0
62,16,0,"B13","T4","Y","Y",0
63,16,0,"B13","T4","Y","Y",0
64,16,0,"B13","T4","Y","Y",0
65,16,0,"B13","T4","Y","Y",0
1,17,1,"B1","T4","Y","Y",0.693147180559945
2,17,2,"B1","T4","Y","Y",1.09861228866811
3,17,0,"B1","T4","Y","Y",0
4,17,0,"B1","T4","Y","Y",0
5,17,0,"B1","T4","Y","Y",0
6,17,0,"B2","T4","Y","Y",0
7,17,0,"B2","T4","Y","Y",0
8,17,1,"B2","T4","Y","Y",0.693147180559945
9,17,0,"B2","T4","Y","Y",0
10,17,0,"B2","T4","Y","Y",0
11,17,0,"B3","T4","Y","Y",0
12,17,3,"B3","T4","Y","Y",1.38629436111989
13,17,0,"B3","T4","Y","Y",0
14,17,1,"B3","T4","Y","Y",0.693147180559945
15,17,0,"B3","T4","Y","Y",0
16,17,0,"B4","T4","Y","Y",0
17,17,0,"B4","T4","Y","Y",0
18,17,0,"B4","T4","Y","Y",0
19,17,0,"B4","T4","Y","Y",0
20,17,0,"B4","T4","Y","Y",0
21,17,0,"B5","T4","Y","Y",0
22,17,0,"B5","T4","Y","Y",0
23,17,0,"B5","T4","Y","Y",0
24,17,0,"B5","T4","Y","Y",0
25,17,0,"B5","T4","Y","Y",0
26,17,0,"B6","T4","Y","Y",0
27,17,2,"B6","T4","Y","Y",1.09861228866811
28,17,2,"B6","T4","Y","Y",1.09861228866811
29,17,1,"B6","T4","Y","Y",0.693147180559945
30,17,0,"B6","T4","Y","Y",0
31,17,0,"B7","T4","Y","Y",0
32,17,0,"B7","T4","Y","Y",0
33,17,0,"B7","T4","Y","Y",0
34,17,0,"B7","T4","Y","Y",0
35,17,0,"B7","T4","Y","Y",0
36,17,0,"B8","T4","Y","Y",0
37,17,0,"B8","T4","Y","Y",0
38,17,0,"B8","T4","Y","Y",0
39,17,1,"B8","T4","Y","Y",0.693147180559945
40,17,2,"B8","T4","Y","Y",1.09861228866811
41,17,0,"B9","T4","Y","Y",0
42,17,0,"B9","T4","Y","Y",0
43,17,0,"B9","T4","Y","Y",0
44,17,0,"B9","T4","Y","Y",0
45,17,0,"B9","T4","Y","Y",0
46,17,0,"B10","T4","Y","Y",0
47,17,1,"B10","T4","Y","Y",0.693147180559945
48,17,2,"B10","T4","Y","Y",1.09861228866811
49,17,1,"B10","T4","Y","Y",0.693147180559945
50,17,0,"B10","T4","Y","Y",0
51,17,1,"B11","T4","Y","Y",0.693147180559945
52,17,1,"B11","T4","Y","Y",0.693147180559945
53,17,0,"B11","T4","Y","Y",0
54,17,0,"B11","T4","Y","Y",0
55,17,0,"B11","T4","Y","Y",0
56,17,1,"B12","T4","Y","Y",0.693147180559945
57,17,0,"B12","T4","Y","Y",0
58,17,1,"B12","T4","Y","Y",0.693147180559945
59,17,0,"B12","T4","Y","Y",0
60,17,2,"B12","T4","Y","Y",1.09861228866811
61,17,0,"B13","T4","Y","Y",0
62,17,0,"B13","T4","Y","Y",0
63,17,0,"B13","T4","Y","Y",0
64,17,0,"B13","T4","Y","Y",0
65,17,0,"B13","T4","Y","Y",0
1,18,0,"B1","T4","Y","Y",0
2,18,1,"B1","T4","Y","Y",0.693147180559945
3,18,1,"B1","T4","Y","Y",0.693147180559945
4,18,0,"B1","T4","Y","Y",0
5,18,1,"B1","T4","Y","Y",0.693147180559945
6,18,0,"B2","T4","Y","Y",0
7,18,0,"B2","T4","Y","Y",0
8,18,0,"B2","T4","Y","Y",0
9,18,0,"B2","T4","Y","Y",0
10,18,0,"B2","T4","Y","Y",0
11,18,1,"B3","T4","Y","Y",0.693147180559945
12,18,0,"B3","T4","Y","Y",0
13,18,2,"B3","T4","Y","Y",1.09861228866811
14,18,0,"B3","T4","Y","Y",0
15,18,0,"B3","T4","Y","Y",0
16,18,0,"B4","T4","Y","Y",0
17,18,1,"B4","T4","Y","Y",0.693147180559945
18,18,1,"B4","T4","Y","Y",0.693147180559945
19,18,1,"B4","T4","Y","Y",0.693147180559945
20,18,0,"B4","T4","Y","Y",0
21,18,0,"B5","T4","Y","Y",0
22,18,0,"B5","T4","Y","Y",0
23,18,0,"B5","T4","Y","Y",0
24,18,1,"B5","T4","Y","Y",0.693147180559945
25,18,0,"B5","T4","Y","Y",0
26,18,0,"B6","T4","Y","Y",0
27,18,0,"B6","T4","Y","Y",0
28,18,0,"B6","T4","Y","Y",0
29,18,0,"B6","T4","Y","Y",0
30,18,1,"B6","T4","Y","Y",0.693147180559945
31,18,0,"B7","T4","Y","Y",0
32,18,1,"B7","T4","Y","Y",0.693147180559945
33,18,0,"B7","T4","Y","Y",0
34,18,1,"B7","T4","Y","Y",0.693147180559945
35,18,1,"B7","T4","Y","Y",0.693147180559945
36,18,0,"B8","T4","Y","Y",0
37,18,1,"B8","T4","Y","Y",0.693147180559945
38,18,0,"B8","T4","Y","Y",0
39,18,0,"B8","T4","Y","Y",0
40,18,0,"B8","T4","Y","Y",0
41,18,0,"B9","T4","Y","Y",0
42,18,0,"B9","T4","Y","Y",0
43,18,0,"B9","T4","Y","Y",0
44,18,0,"B9","T4","Y","Y",0
45,18,0,"B9","T4","Y","Y",0
46,18,1,"B10","T4","Y","Y",0.693147180559945
47,18,0,"B10","T4","Y","Y",0
48,18,1,"B10","T4","Y","Y",0.693147180559945
49,18,0,"B10","T4","Y","Y",0
50,18,0,"B10","T4","Y","Y",0
51,18,0,"B11","T4","Y","Y",0
52,18,0,"B11","T4","Y","Y",0
53,18,0,"B11","T4","Y","Y",0
54,18,1,"B11","T4","Y","Y",0.693147180559945
55,18,0,"B11","T4","Y","Y",0
56,18,0,"B12","T4","Y","Y",0
57,18,0,"B12","T4","Y","Y",0
58,18,0,"B12","T4","Y","Y",0
59,18,1,"B12","T4","Y","Y",0.693147180559945
60,18,3,"B12","T4","Y","Y",1.38629436111989
61,18,0,"B13","T4","Y","Y",0
62,18,0,"B13","T4","Y","Y",0
63,18,0,"B13","T4","Y","Y",0
64,18,0,"B13","T4","Y","Y",0
65,18,0,"B13","T4","Y","Y",0
1,19,0,"B1","T4","Y","Y",0
2,19,2,"B1","T4","Y","Y",1.09861228866811
3,19,1,"B1","T4","Y","Y",0.693147180559945
4,19,1,"B1","T4","Y","Y",0.693147180559945
5,19,0,"B1","T4","Y","Y",0
6,19,0,"B2","T4","Y","Y",0
7,19,1,"B2","T4","Y","Y",0.693147180559945
8,19,1,"B2","T4","Y","Y",0.693147180559945
9,19,2,"B2","T4","Y","Y",1.09861228866811
10,19,0,"B2","T4","Y","Y",0
11,19,2,"B3","T4","Y","Y",1.09861228866811
12,19,0,"B3","T4","Y","Y",0
13,19,2,"B3","T4","Y","Y",1.09861228866811
14,19,1,"B3","T4","Y","Y",0.693147180559945
15,19,0,"B3","T4","Y","Y",0
16,19,0,"B4","T4","Y","Y",0
17,19,1,"B4","T4","Y","Y",0.693147180559945
18,19,0,"B4","T4","Y","Y",0
19,19,3,"B4","T4","Y","Y",1.38629436111989
20,19,0,"B4","T4","Y","Y",0
21,19,0,"B5","T4","Y","Y",0
22,19,1,"B5","T4","Y","Y",0.693147180559945
23,19,0,"B5","T4","Y","Y",0
24,19,0,"B5","T4","Y","Y",0
25,19,0,"B5","T4","Y","Y",0
26,19,0,"B6","T4","Y","Y",0
27,19,0,"B6","T4","Y","Y",0
28,19,1,"B6","T4","Y","Y",0.693147180559945
29,19,0,"B6","T4","Y","Y",0
30,19,0,"B6","T4","Y","Y",0
31,19,0,"B7","T4","Y","Y",0
32,19,1,"B7","T4","Y","Y",0.693147180559945
33,19,3,"B7","T4","Y","Y",1.38629436111989
34,19,0,"B7","T4","Y","Y",0
35,19,0,"B7","T4","Y","Y",0
36,19,0,"B8","T4","Y","Y",0
37,19,0,"B8","T4","Y","Y",0
38,19,0,"B8","T4","Y","Y",0
39,19,3,"B8","T4","Y","Y",1.38629436111989
40,19,0,"B8","T4","Y","Y",0
41,19,0,"B9","T4","Y","Y",0
42,19,0,"B9","T4","Y","Y",0
43,19,1,"B9","T4","Y","Y",0.693147180559945
44,19,0,"B9","T4","Y","Y",0
45,19,0,"B9","T4","Y","Y",0
46,19,0,"B10","T4","Y","Y",0
47,19,0,"B10","T4","Y","Y",0
48,19,0,"B10","T4","Y","Y",0
49,19,0,"B10","T4","Y","Y",0
50,19,1,"B10","T4","Y","Y",0.693147180559945
51,19,0,"B11","T4","Y","Y",0
52,19,0,"B11","T4","Y","Y",0
53,19,0,"B11","T4","Y","Y",0
54,19,2,"B11","T4","Y","Y",1.09861228866811
55,19,3,"B11","T4","Y","Y",1.38629436111989
56,19,1,"B12","T4","Y","Y",0.693147180559945
57,19,0,"B12","T4","Y","Y",0
58,19,0,"B12","T4","Y","Y",0
59,19,0,"B12","T4","Y","Y",0
60,19,0,"B12","T4","Y","Y",0
61,19,1,"B13","T4","Y","Y",0.693147180559945
62,19,0,"B13","T4","Y","Y",0
63,19,0,"B13","T4","Y","Y",0
64,19,0,"B13","T4","Y","Y",0
65,19,0,"B13","T4","Y","Y",0
1,20,1,"B1","T4","Y","Y",0.693147180559945
2,20,0,"B1","T4","Y","Y",0
3,20,1,"B1","T4","Y","Y",0.693147180559945
4,20,1,"B1","T4","Y","Y",0.693147180559945
5,20,0,"B1","T4","Y","Y",0
6,20,0,"B2","T4","Y","Y",0
7,20,0,"B2","T4","Y","Y",0
8,20,0,"B2","T4","Y","Y",0
9,20,0,"B2","T4","Y","Y",0
10,20,2,"B2","T4","Y","Y",1.09861228866811
11,20,1,"B3","T4","Y","Y",0.693147180559945
12,20,0,"B3","T4","Y","Y",0
13,20,0,"B3","T4","Y","Y",0
14,20,0,"B3","T4","Y","Y",0
15,20,1,"B3","T4","Y","Y",0.693147180559945
16,20,1,"B4","T4","Y","Y",0.693147180559945
17,20,0,"B4","T4","Y","Y",0
18,20,0,"B4","T4","Y","Y",0
19,20,2,"B4","T4","Y","Y",1.09861228866811
20,20,1,"B4","T4","Y","Y",0.693147180559945
21,20,0,"B5","T4","Y","Y",0
22,20,0,"B5","T4","Y","Y",0
23,20,0,"B5","T4","Y","Y",0
24,20,0,"B5","T4","Y","Y",0
25,20,0,"B5","T4","Y","Y",0
26,20,2,"B6","T4","Y","Y",1.09861228866811
27,20,0,"B6","T4","Y","Y",0
28,20,0,"B6","T4","Y","Y",0
29,20,1,"B6","T4","Y","Y",0.693147180559945
30,20,0,"B6","T4","Y","Y",0
31,20,0,"B7","T4","Y","Y",0
32,20,0,"B7","T4","Y","Y",0
33,20,0,"B7","T4","Y","Y",0
34,20,1,"B7","T4","Y","Y",0.693147180559945
35,20,1,"B7","T4","Y","Y",0.693147180559945
36,20,0,"B8","T4","Y","Y",0
37,20,0,"B8","T4","Y","Y",0
38,20,1,"B8","T4","Y","Y",0.693147180559945
39,20,1,"B8","T4","Y","Y",0.693147180559945
40,20,0,"B8","T4","Y","Y",0
41,20,0,"B9","T4","Y","Y",0
42,20,0,"B9","T4","Y","Y",0
43,20,0,"B9","T4","Y","Y",0
44,20,0,"B9","T4","Y","Y",0
45,20,0,"B9","T4","Y","Y",0
46,20,0,"B10","T4","Y","Y",0
47,20,1,"B10","T4","Y","Y",0.693147180559945
48,20,2,"B10","T4","Y","Y",1.09861228866811
49,20,1,"B10","T4","Y","Y",0.693147180559945
50,20,0,"B10","T4","Y","Y",0
51,20,0,"B11","T4","Y","Y",0
52,20,0,"B11","T4","Y","Y",0
53,20,0,"B11","T4","Y","Y",0
54,20,1,"B11","T4","Y","Y",0.693147180559945
55,20,0,"B11","T4","Y","Y",0
56,20,0,"B12","T4","Y","Y",0
57,20,0,"B12","T4","Y","Y",0
58,20,0,"B12","T4","Y","Y",0
59,20,0,"B12","T4","Y","Y",0
60,20,0,"B12","T4","Y","Y",0
61,20,0,"B13","T4","Y","Y",0
62,20,0,"B13","T4","Y","Y",0
63,20,0,"B13","T4","Y","Y",0
64,20,0,"B13","T4","Y","Y",0
65,20,0,"B13","T4","Y","Y",0
